{
  "data": [
    {
      "id": 1,
      "title": "레플리카 레이지 선데이 모닝 오 드 뚜왈렛",
      "description": "레플리카 레이지 선데이 모닝 오 드 뚜왈렛은 화창한 아침 갓 세탁된 린넨 시트 부드러운 감각을 불러일으킵니다. 깨끗하고 신선하며 포근한, 티 없이 깨끗한 빛이 당신의 피부를 다정하게 데워 줍니다. 플로럴 머스크 향으로, 보송한 시트의 기억이 은방울꽃과 화이트 머스크로 재생됩니다. 따뜻한 햇빛은 아이리스와 사향씨를 통해 나타납니다."
    },
    {
      "id": 2,
      "title": "레플리카 세일링 데이 오 드 뚜왈렛",
      "description": "레플리카 세일링 데이 오 드 뚜왈렛은 신선하고 소금기 있는 활기찬 세일링 데이의 경험을 재창조합니다. 얼굴을 스치는 바다의 상쾌함과 바람, 등을 감싸는 부드러운 온기를 마술처럼 만들어 냅니다. 끝없는 심해의 교감을 말이죠. 메종은 심해의 상쾌함을 아쿠아틱 어코드와 코리앤더로, 우디한 물가의 효과를 위해 해저의 향을 붉은 해초 에센스와 용연향으로 재창조합니다."
    },
    {
      "id": 3,
      "title": "레플리카 비치 워크 오 드 뚜왈렛",
      "description": "레플리카 비치 워크 오 드 뚜왈렛은 따뜻한 여름날 거니는 바닷가 산책의 활기찬 기억을 간직합니다. 순수하고, 화창하고 더없이 행복한, 소금의 맛과 선크림의 향과 함께 태양빛 아래 불어오는 산들바람과 뜨거운 모래에 잠기는 발을 떠올리게 합니다. 기억의 향은 코코넛 밀크와 머스크, 베르가못과 일랑일랑으로 재창조됩니다."
    },
    {
      "id": 4,
      "title": "레플리카 재즈 클럽 오 드 뚜왈렛",
      "description": "레플리카 재즈 클럽 오 드 뚜왈렛은 신선한 향이 깃든 숲의 아름다운 휴가의 기억을 가져오는 향입니다. 순수한 해방의 순간을 만들어, 발밑에서 부서지는 황금빛 잎을 더올리고, 신선한 공기의 숨결과 수백년 된 나무로 감각을 일깨웁니다. 핑크 페퍼와 코리앤더의 탑 노트, 당근, 넛멕, 그리고 유향의 미들 노트, 시더우드와 오크 이끼, 발삼의 베이스 노트로 자연과 하나가 되는 기분. "
    },
    {
      "id": 5,
      "title": "레플리카 스프링타임 인 파크 오 드 뚜왈렛",
      "description": "레플리카 스프링타임 인 파크 오 드 뚜왈렛은 피어나는 꽃송이의 우아하고 빛나는 기억을 가져옵니다. 여기저기 꽃이 피어나는 로맨틱한 봄 오후 공원의 다정한 빛과 신선한 플로럴의 분위기, 손짓하는 자연의 부름. 메종은 자스민과 은방울꽃 어코드로 만개한 꽃의 향을, 플로럴하고 프루티한 터치를 빌려 온 배 어코드로 즐거운 봄 계절의 감각을 재창조합니다."
    }
  ]
}
